,variance,similarity,delta_mod,size,nodes_num,nb_communities,modularity
0,1.232595164407831e-32,1.0,0.0,85,17,4,0.4515235457063711
1,3.0814879110195774e-31,1.0,0.0,85,17,4,0.4515235457063711
2,3.0814879110195774e-31,1.0,0.0,85,17,4,0.4515235457063711
3,7.448735381086833e-06,0.9931902103108198,0.01800554016620498,85,17,4,0.4695290858725761
4,6.219245324208627e-05,0.9431423583782753,0.0,85,17,4,0.4695290858725761
5,3.0814879110195774e-31,1.0,0.0,85,17,4,0.4695290858725761
6,3.0814879110195774e-31,1.0,0.0,85,17,4,0.4695290858725761
7,3.0814879110195774e-31,1.0,0.0,85,17,4,0.4695290858725761
8,3.0814879110195774e-31,1.0,0.0,85,17,4,0.4695290858725761
9,3.0814879110195774e-31,1.0,0.0,85,17,4,0.4695290858725761
10,3.0814879110195774e-31,1.0,0.0,85,17,4,0.4695290858725761
11,3.0814879110195774e-31,1.0,0.0,85,17,4,0.4695290858725761
12,3.0814879110195774e-33,1.0,0.0,85,20,2,0.30174516794895845
13,2.7733391199176196e-32,1.0,0.0,85,20,2,0.30174516794895845
14,2.7733391199176196e-32,1.0,0.0,85,20,2,0.30174516794895845
15,2.7733391199176196e-32,1.0,0.0,85,20,2,0.30174516794895845
16,2.7733391199176196e-32,1.0,0.0,85,20,2,0.30174516794895845
17,2.7733391199176196e-32,1.0,0.0,85,20,2,0.30174516794895845
18,2.7733391199176196e-32,1.0,0.0,85,20,2,0.30174516794895845
19,2.7733391199176196e-32,1.0,0.0,85,20,2,0.30174516794895845
20,0.0,1.0,0.0,85,7,1,0.0
21,0.0,1.0,0.0,85,7,1,0.0
22,0.0,1.0,0.0,85,7,1,0.0
23,0.0,1.0,0.0,85,7,1,0.0
24,0.0,1.0,0.0,85,7,1,0.0
25,0.0,1.0,0.0,85,7,1,0.0
26,0.0,1.0,0.0,85,7,1,0.0
27,0.0,1.0,0.0,85,7,1,0.0
28,0.0,1.0,0.0,85,218,18,0.5892013888888892
29,4.437342591868191e-31,1.0,0.0,85,218,18,0.5892013888888892
30,4.437342591868191e-31,1.0,0.0,85,218,18,0.5892013888888892
31,4.437342591868191e-31,1.0,0.0,85,218,18,0.5892013888888892
32,4.437342591868191e-31,1.0,0.0,85,218,18,0.5892013888888892
33,4.437342591868191e-31,1.0,0.0,85,218,18,0.5892013888888892
34,4.437342591868191e-31,1.0,0.0,85,218,18,0.5892013888888892
35,4.437342591868191e-31,1.0,0.0,85,218,18,0.5892013888888892
36,1.232595164407831e-32,1.0,0.0,85,1593,34,0.7345747450445271
37,6.039716305598372e-31,1.0,0.0,85,1593,34,0.7345747450445271
38,8.499982311114101e-12,0.999911423784511,1.879623312261991e-05,85,1593,34,0.7345935412776498
39,7.015413490143758e-11,0.9990686925612584,9.257846164900663e-06,85,1593,34,0.7346027991238147
40,2.4958561292855736e-09,0.999327235687623,0.00045363446207991043,85,1593,34,0.7350564335858946
41,2.2777680823732276e-08,0.9987017906909659,0.0,85,1593,34,0.7350564335858946
42,1.4914401489334754e-30,1.0,0.0,85,1593,34,0.7350564335858946
43,4.665674434111395e-11,0.9999121679228216,5.3583291439229797e-05,85,1593,34,0.7351100168773338
44,3.648667167036871e-10,0.9990472343971029,0.0,85,1593,34,0.7351100168773338
45,1.46404173581966e-12,0.9999428169089901,1.1221631715074842e-05,85,1593,34,0.7351212385090489
46,6.390908187230624e-11,0.9993961262146843,5.302220985337058e-05,85,1593,34,0.7351742607189022
47,3.110169740949303e-10,0.9988346001174242,0.0,85,1593,34,0.7351742607189022
48,9.98402083170343e-31,1.0,0.0,85,1593,34,0.7351742607189022
49,9.010218285113006e-12,0.9999410999782122,2.076001867279409e-05,85,1593,34,0.735195020737575
50,7.780020179835413e-11,0.9994077538231012,0.0,85,1593,34,0.735195020737575
51,9.150260848764203e-12,0.9999709174193526,2.8054079287520572e-05,85,1593,34,0.7352230748168626
52,9.54241488513982e-11,0.9996891036283675,0.0,85,1593,34,0.7352230748168626
53,9.98402083170343e-31,0.9999419132209155,0.0,85,1593,34,0.7352230748168626
54,1.1361305915357993e-10,0.9997138923983391,6.312167839706007e-05,85,1593,34,0.7352861964952596
55,4.2948747100632305e-10,0.9979970375496218,0.0,85,1593,34,0.7352861964952596
56,0.0,1.0,0.0,85,1593,34,0.7352861964952596
57,9.18529327601954e-12,0.9999141909280379,2.693191611602419e-05,85,1593,34,0.7353131284113756
58,7.854830098173364e-11,0.9991684748164906,0.0,85,1593,34,0.7353131284113756
59,1.232595164407831e-30,1.0,0.0,85,1593,34,0.7353131284113756
60,1.232595164407831e-30,1.0,0.0,85,1593,34,0.7353131284113756
61,5.718913030703923e-13,0.9999708108703893,7.013519822018921e-06,85,1593,34,0.7353201419311977
62,5.6584995227678276e-12,0.9996623459240125,0.0,85,1593,34,0.7353201419311977
63,1.1093356479670479e-31,1.0,0.0,85,1593,34,0.7353201419311977
64,1.1093356479670479e-31,1.0,0.0,85,1593,34,0.7353201419311977
65,1.1093356479670479e-31,1.0,0.0,85,1593,34,0.7353201419311977
66,3.29409390552903e-12,0.9999703256459083,1.683244757244573e-05,85,1593,34,0.7353369743787701
67,4.779874046747031e-11,0.9996527051375479,1.4307580436745404e-05,85,1593,34,0.7353512819592068
68,2.920636902209681e-11,0.9988953300383232,0.0,85,1593,34,0.7353512819592068
69,1.3917546751001285e-12,0.9999106258274116,1.0941090922145236e-05,85,1593,34,0.735362223050129
70,1.7121706664209437e-11,0.999075308801113,7.294060614726483e-06,85,1593,34,0.7353695171107437
71,7.889006322422961e-12,0.998660162522379,2.8054079288519773e-06,85,1593,34,0.7353723225186726
72,1.5097930401536345e-12,0.9990346335716033,0.0,85,1593,34,0.7353723225186726
73,7.744780782332696e-12,0.9999708919272335,2.5809752944416786e-05,85,1593,34,0.735398132271617
74,7.506052655425136e-11,0.9996300957966187,0.0,85,1593,34,0.735398132271617
75,7.888609052210118e-31,1.0,0.0,85,1593,34,0.735398132271617
76,3.0781477495839218e-12,0.9999703749748837,1.6271365986919584e-05,85,1593,34,0.7354144036376039
77,2.982871747811088e-11,0.9997129193994703,0.0,85,1593,34,0.7354144036376039
78,1.4914401489334754e-30,1.0,0.0,85,1593,34,0.7354144036376039
79,1.4914401489334754e-30,1.0,0.0,85,1593,34,0.7354144036376039
80,5.718913030341801e-13,0.999970921997343,7.013519821796876e-06,85,1593,34,0.7354214171574257
81,5.541899055593133e-12,0.9997182203075918,0.0,85,1593,34,0.7354214171574257
82,0.0,1.0,0.0,85,1593,34,0.7354214171574257
83,0.0,1.0,0.0,85,1593,34,0.7354214171574257
84,3.63173853095984e-12,0.9999704580004999,1.7674069951345572e-05,85,1593,34,0.735439091227377
85,3.7873844680009527e-11,0.9996919191480654,0.0,85,1593,34,0.735439091227377
86,0.0,1.0,0.0,85,1593,34,0.735439091227377
87,0.0,1.0,0.0,85,1593,34,0.735439091227377
88,0.0,1.0,0.0,85,1593,34,0.735439091227377
89,4.0352650341970197e-13,0.9999696256709781,5.891356650300494e-06,85,1593,34,0.7354449825840274
90,3.9905376877081825e-12,0.999650770211707,0.0,85,1593,34,0.7354449825840274
91,4.930380657631324e-32,1.0,0.0,85,1593,34,0.7354449825840274
92,4.930380657631324e-32,1.0,0.0,85,1593,34,0.7354449825840274
93,4.930380657631324e-32,1.0,0.0,85,1593,34,0.7354449825840274
94,2.8164068364116315e-09,0.9999433126415357,0.0004922088211002373,85,1593,34,0.7359371914051276
95,2.724977629900011e-08,0.999450669933543,0.0,85,1593,34,0.7359371914051276
96,1.1093356479670479e-31,1.0,0.0,85,1593,34,0.7359371914051276
97,1.1093356479670479e-31,1.0,0.0,85,1593,34,0.7359371914051276
98,9.150260849415993e-14,0.99997222150818,2.8054079288519773e-06,85,1593,34,0.7359399968130564
99,8.8670384897912e-13,0.9997308131864108,0.0,85,1593,34,0.7359399968130564
100,7.888609052210118e-31,1.0,0.0,85,1593,34,0.7359399968130564
101,7.888609052210118e-31,1.0,0.0,85,1593,34,0.7359399968130564
102,7.888609052210118e-31,1.0,0.0,85,1593,34,0.7359399968130564
103,7.888609052210118e-31,1.0,0.0,85,1593,34,0.7359399968130564
104,7.888609052210118e-31,1.0,0.0,85,1593,34,0.7359399968130564
105,7.888609052210118e-31,1.0,0.0,85,1593,34,0.7359399968130564
106,7.888609052210118e-31,1.0,0.0,85,1593,34,0.7359399968130564
107,0.0,1.0,0.0,85,45,1,0.0
108,0.0,1.0,0.0,85,45,1,0.0
109,0.0,1.0,0.0,85,45,1,0.0
110,0.0,1.0,0.0,85,45,1,0.0
111,0.0,1.0,0.0,85,45,1,0.0
112,0.0,1.0,0.0,85,45,1,0.0
113,0.0,1.0,0.0,85,45,1,0.0
114,0.0,1.0,0.0,85,45,1,0.0
115,1.232595164407831e-32,1.0,0.0,85,42,5,0.657826550830666
116,1.232595164407831e-30,1.0,0.0,85,42,5,0.657826550830666
117,1.232595164407831e-30,1.0,0.0,85,42,5,0.657826550830666
118,1.232595164407831e-30,1.0,0.0,85,42,5,0.657826550830666
119,1.232595164407831e-30,1.0,0.0,85,42,5,0.657826550830666
120,1.232595164407831e-30,1.0,0.0,85,42,5,0.657826550830666
121,1.232595164407831e-30,1.0,0.0,85,42,5,0.657826550830666
122,1.232595164407831e-30,1.0,0.0,85,42,5,0.657826550830666
123,5.296444479257339e-08,0.9987719154560921,0.0008005434291717961,85,327,11,0.7876450288975144
124,7.220318374255673e-08,0.9984599063016634,0.0,85,327,11,0.7876450288975144
125,5.30625299980855e-09,0.999850142833137,0.0006755745167352778,85,327,11,0.7883206034142497
126,5.7699561495719656e-08,0.9976018786161862,0.0,85,327,11,0.7883206034142497
127,3.0814879110195774e-31,1.0,0.0,85,327,11,0.7883206034142497
128,1.182590009530694e-08,0.9986789493933275,0.0006124714025346201,85,327,11,0.7889330748167843
129,2.856144052129093e-08,0.9898307826577006,0.0,85,327,11,0.7889330748167843
130,9.231270960477244e-10,0.9997726474998093,0.0002004451862841483,85,327,11,0.7891335200030685
131,9.426859724940016e-09,0.9975851854979858,9.651064524796027e-05,85,327,11,0.7892300306483164
132,3.287371126758276e-09,0.9927502666209184,0.0002078690820723761,85,327,11,0.7894378997303888
133,8.494146440093868e-09,0.9898755659122976,0.0001719869190957013,85,327,11,0.7896098866494845
134,4.6986797607470805e-09,0.9932147236329221,9.651064524773822e-05,85,327,11,0.7897063972947322
135,1.8149693979706098e-09,0.9935833537370331,0.0,85,327,11,0.7897063972947322
136,3.241708320834122e-10,0.9943484687101266,0.00011878233261297666,85,327,11,0.7898251796273452
137,4.390983018722747e-09,0.9892929546580519,0.0001336301241893212,85,327,11,0.7899588097515345
138,3.897786742836434e-09,0.9884407381667923,0.00015590181155433758,85,327,11,0.7901147115630889
139,2.7558775604798773e-09,0.9946007726134198,0.0,85,327,11,0.7901147115630889
140,1.6688613870469185e-10,0.9987426657115656,9.403601331836597e-05,85,327,11,0.7902087475764072
141,1.564498219392664e-09,0.9908871615202525,0.00015095254769548205,85,327,11,0.7903597001241027
142,2.5672457754721072e-09,0.9972247819933266,0.0,85,327,11,0.7903597001241027
143,2.5702174092325092e-11,0.9998617631109047,4.701800665918299e-05,85,327,11,0.7904067181307619
144,2.6803695839139064e-10,0.9985583867280082,0.0,85,327,11,0.7904067181307619
145,1.1093356479670479e-31,1.0,0.0,85,327,11,0.7904067181307619
146,1.494612699365963e-10,0.999706565742946,0.00010579051498327274,85,327,11,0.7905125086457452
147,1.3128568434745574e-09,0.9970544877406992,0.0,85,327,11,0.7905125086457452
148,7.888609052210118e-31,1.0,0.0,85,327,11,0.7905125086457452
149,7.888609052210118e-31,1.0,0.0,85,327,11,0.7905125086457452
150,7.888609052210118e-31,1.0,0.0,85,327,11,0.7905125086457452
151,4.066205315609945e-11,0.9997269195285555,4.206874280032746e-05,85,327,11,0.7905545773885455
152,3.4930173373853995e-10,0.9976541400465013,0.0,85,327,11,0.7905545773885455
153,9.98402083170343e-31,1.0,0.0,85,327,11,0.7905545773885455
154,9.98402083170343e-31,1.0,0.0,85,327,11,0.7905545773885455
155,9.98402083170343e-31,1.0,0.0,85,327,11,0.7905545773885455
156,9.98402083170343e-31,1.0,0.0,85,327,11,0.7905545773885455
157,9.98402083170343e-31,1.0,0.0,85,327,11,0.7905545773885455
158,9.98402083170343e-31,1.0,0.0,85,327,11,0.7905545773885455
159,9.98402083170343e-31,1.0,0.0,85,327,11,0.7905545773885455
160,0.0,1.0,0.0,85,21,4,0.5476190476190476
161,1.0632504302241474e-06,0.9959522316452183,0.006802721088435493,85,21,4,0.554421768707483
162,1.040191987159043e-05,0.9604001457339622,0.0,85,21,4,0.554421768707483
163,5.978114868729528e-08,0.994901827362973,0.0022675736961450532,85,21,4,0.5566893424036281
164,5.793077979935542e-07,0.9505962794459527,0.0,85,21,4,0.5566893424036281
165,6.039716305598372e-31,1.0,0.0,85,21,4,0.5566893424036281
166,6.039716305598372e-31,1.0,0.0,85,21,4,0.5566893424036281
167,6.039716305598372e-31,1.0,0.0,85,21,4,0.5566893424036281
168,6.039716305598372e-31,1.0,0.0,85,21,4,0.5566893424036281
169,6.039716305598372e-31,1.0,0.0,85,21,4,0.5566893424036281
170,6.039716305598372e-31,1.0,0.0,85,21,4,0.5566893424036281
171,6.039716305598372e-31,1.0,0.0,85,21,4,0.5566893424036281
172,3.0814879110195774e-33,1.0,0.0,85,19,4,0.4863945578231292
173,2.4960052079258577e-31,1.0,0.0,85,19,4,0.4863945578231292
174,2.4960052079258577e-31,1.0,0.0,85,19,4,0.4863945578231292
175,2.4960052079258577e-31,1.0,0.0,85,19,4,0.4863945578231292
176,2.4960052079258577e-31,1.0,0.0,85,19,4,0.4863945578231292
177,2.4960052079258577e-31,1.0,0.0,85,19,4,0.4863945578231292
178,2.4960052079258577e-31,1.0,0.0,85,19,4,0.4863945578231292
179,2.4960052079258577e-31,1.0,0.0,85,19,4,0.4863945578231292
180,0.0,1.0,0.0,85,37,4,0.593608276643991
181,0.0,1.0,0.0,85,37,4,0.593608276643991
182,3.154398013707313e-05,0.9866413050259308,0.01743197278911568,85,37,4,0.6110402494331066
183,7.888609052210118e-31,1.0,0.0,85,37,4,0.6110402494331066
184,7.888609052210118e-31,1.0,0.0,85,37,4,0.6110402494331066
185,7.888609052210118e-31,1.0,0.0,85,37,4,0.6110402494331066
186,7.888609052210118e-31,1.0,0.0,85,37,4,0.6110402494331066
187,7.888609052210118e-31,1.0,0.0,85,37,4,0.6110402494331066
188,7.888609052210118e-31,1.0,0.0,85,37,4,0.6110402494331066
189,7.888609052210118e-31,1.0,0.0,85,37,4,0.6110402494331066
190,7.587068440821584e-07,0.99768817423389,0.008078231292516946,85,37,4,0.6191184807256236
191,7.352230608129478e-06,0.9775973074569858,0.0,85,37,4,0.6191184807256236
192,6.039716305598372e-31,1.0,0.0,85,37,4,0.6191184807256236
193,6.039716305598372e-31,1.0,0.0,85,37,4,0.6191184807256236
194,6.039716305598372e-31,1.0,0.0,85,37,4,0.6191184807256236
195,6.039716305598372e-31,1.0,0.0,85,37,4,0.6191184807256236
196,6.039716305598372e-31,1.0,0.0,85,37,4,0.6191184807256236
197,6.039716305598372e-31,1.0,0.0,85,37,4,0.6191184807256236
198,6.039716305598372e-31,1.0,0.0,85,37,4,0.6191184807256236
199,0.0,1.0,0.0,85,2,1,0.0
200,0.0,1.0,0.0,85,2,1,0.0
201,0.0,1.0,0.0,85,2,1,0.0
202,0.0,1.0,0.0,85,2,1,0.0
203,0.0,1.0,0.0,85,2,1,0.0
204,0.0,1.0,0.0,85,2,1,0.0
205,0.0,1.0,0.0,85,2,1,0.0
206,0.0,1.0,0.0,85,2,1,0.0
207,0.0,1.0,0.0,85,21,4,0.5476190476190476
208,1.5756602761153031e-06,0.994001499907974,0.006802721088435493,85,21,4,0.554421768707483
209,1.1529221532550978e-05,0.9561085359119942,0.0,85,21,4,0.554421768707483
210,1.4914401489334754e-30,1.0,0.0,85,21,4,0.554421768707483
211,1.4914401489334754e-30,1.0,0.0,85,21,4,0.554421768707483
212,1.4914401489334754e-30,1.0,0.0,85,21,4,0.554421768707483
213,1.4914401489334754e-30,1.0,0.0,85,21,4,0.554421768707483
214,1.4914401489334754e-30,1.0,0.0,85,21,4,0.554421768707483
215,1.4914401489334754e-30,1.0,0.0,85,21,4,0.554421768707483
216,1.4914401489334754e-30,1.0,0.0,85,21,4,0.554421768707483
217,3.0814879110195774e-33,1.0,0.0,85,19,4,0.4863945578231292
218,2.4960052079258577e-31,1.0,0.0,85,19,4,0.4863945578231292
219,2.4960052079258577e-31,1.0,0.0,85,19,4,0.4863945578231292
220,2.4960052079258577e-31,1.0,0.0,85,19,4,0.4863945578231292
221,2.4960052079258577e-31,1.0,0.0,85,19,4,0.4863945578231292
222,2.4960052079258577e-31,1.0,0.0,85,19,4,0.4863945578231292
223,2.4960052079258577e-31,1.0,0.0,85,19,4,0.4863945578231292
224,2.4960052079258577e-31,1.0,0.0,85,19,4,0.4863945578231292
225,1.232595164407831e-32,1.0,0.0,90,17,4,0.4515235457063711
226,3.7286003723336886e-31,1.0,0.0,90,17,4,0.4515235457063711
227,3.7286003723336886e-31,1.0,0.0,90,17,4,0.4515235457063711
228,3.7286003723336886e-31,1.0,0.0,90,17,4,0.4515235457063711
229,3.5621917807700086e-06,0.9967455221967371,0.01800554016620498,90,17,4,0.4695290858725761
230,3.478140064594551e-05,0.9682231324602716,0.0,90,17,4,0.4695290858725761
231,5.207714569623086e-31,1.0,0.0,90,17,4,0.4695290858725761
232,5.207714569623086e-31,1.0,0.0,90,17,4,0.4695290858725761
233,5.207714569623086e-31,1.0,0.0,90,17,4,0.4695290858725761
234,5.207714569623086e-31,1.0,0.0,90,17,4,0.4695290858725761
235,5.207714569623086e-31,1.0,0.0,90,17,4,0.4695290858725761
236,5.207714569623086e-31,1.0,0.0,90,17,4,0.4695290858725761
237,5.207714569623086e-31,1.0,0.0,90,17,4,0.4695290858725761
238,3.0814879110195774e-33,1.0,0.0,90,20,2,0.30174516794895845
239,2.7733391199176196e-32,1.0,0.0,90,20,2,0.30174516794895845
240,2.7733391199176196e-32,1.0,0.0,90,20,2,0.30174516794895845
241,2.7733391199176196e-32,1.0,0.0,90,20,2,0.30174516794895845
242,2.7733391199176196e-32,1.0,0.0,90,20,2,0.30174516794895845
243,2.7733391199176196e-32,1.0,0.0,90,20,2,0.30174516794895845
244,2.7733391199176196e-32,1.0,0.0,90,20,2,0.30174516794895845
245,2.7733391199176196e-32,1.0,0.0,90,20,2,0.30174516794895845
246,0.0,1.0,0.0,90,7,1,0.0
247,0.0,1.0,0.0,90,7,1,0.0
248,0.0,1.0,0.0,90,7,1,0.0
249,0.0,1.0,0.0,90,7,1,0.0
250,0.0,1.0,0.0,90,7,1,0.0
251,0.0,1.0,0.0,90,7,1,0.0
252,0.0,1.0,0.0,90,7,1,0.0
253,0.0,1.0,0.0,90,7,1,0.0
254,0.0,1.0,0.0,90,218,18,0.5892013888888892
255,6.039716305598372e-31,1.0,0.0,90,218,18,0.5892013888888892
256,6.039716305598372e-31,1.0,0.0,90,218,18,0.5892013888888892
257,6.039716305598372e-31,1.0,0.0,90,218,18,0.5892013888888892
258,6.039716305598372e-31,1.0,0.0,90,218,18,0.5892013888888892
259,6.039716305598372e-31,1.0,0.0,90,218,18,0.5892013888888892
260,6.039716305598372e-31,1.0,0.0,90,218,18,0.5892013888888892
261,6.039716305598372e-31,1.0,0.0,90,218,18,0.5892013888888892
262,1.232595164407831e-32,1.0,0.0,90,1593,34,0.7345747450445271
263,6.039716305598372e-31,1.0,0.0,90,1593,34,0.7345747450445271
264,2.614168100515727e-09,0.9998617690522492,0.000481688541367431,90,1593,34,0.7350564335858946
265,2.49139667895253e-08,0.9985797073062985,0.0,90,1593,34,0.7350564335858946
266,1.4914401489334754e-30,1.0,0.0,90,1593,34,0.7350564335858946
267,1.2065326850415439e-11,0.999944378729481,2.805407928740955e-05,90,1593,34,0.735084487665182
268,1.2882347996677393e-10,0.9994291799336316,2.5529212151820246e-05,90,1593,34,0.7351100168773338
269,6.992131418734653e-11,0.9994599859157334,0.0,90,1593,34,0.7351100168773338
270,1.694935200651965e-11,0.9999185186366835,3.927571100248439e-05,90,1593,34,0.7351492925883363
271,2.0399006670597542e-10,0.999184681905093,2.4968130565961033e-05,90,1593,34,0.7351742607189022
272,7.203820507969233e-11,0.9994188520516216,0.0,90,1593,34,0.7351742607189022
273,1.6492145082364325e-11,0.9998443918551967,3.8714629416847224e-05,90,1593,34,0.7352129753483191
274,1.6168243781695023e-10,0.9985818602244204,0.0,90,1593,34,0.7352129753483191
275,4.437342591868191e-31,1.0,0.0,90,1593,34,0.7352129753483191
276,8.463492384758177e-12,0.9999449309257679,2.693191611602419e-05,90,1593,34,0.7352399072644351
277,8.298642349743508e-11,0.9994076934652203,0.0,90,1593,34,0.7352399072644351
278,1.9457164293601915e-13,0.9999434996870219,4.208111893166944e-06,90,1593,34,0.7352441153763283
279,6.780090594411204e-12,0.9994208962240413,1.7393529158304943e-05,90,1593,34,0.7352615089054866
280,3.2457134613422134e-11,0.9991805130229344,0.0,90,1593,34,0.7352615089054866
281,1.2452585147576716e-13,0.9998885341586686,3.366489514489146e-06,90,1593,34,0.7352648753950011
282,4.175113941654547e-12,0.9988836110387692,1.3465958058067606e-05,90,1593,34,0.7352783413530591
283,1.9454016167950897e-11,0.9986379725191138,0.0,90,1593,34,0.7352783413530591
284,0.0,1.0,0.0,90,1593,34,0.7352783413530591
285,1.1487004544045752e-11,0.9999162182427337,2.5248671358779617e-05,90,1593,34,0.7353035900244179
286,9.941703438680507e-11,0.9991268216670249,5.891356650300494e-06,90,1593,34,0.7353094813810682
287,3.7236202820152424e-12,0.9994486387495028,0.0,90,1593,34,0.7353094813810682
288,7.004579145635129e-12,0.9999725370850023,2.524867135889064e-05,90,1593,34,0.7353347300524271
289,6.839302559052707e-11,0.9997318508636761,0.0,90,1593,34,0.7353347300524271
290,3.0814879110195774e-31,1.0,0.0,90,1593,34,0.7353347300524271
291,6.304121230868353e-13,0.9999724832239669,7.574601407545067e-06,90,1593,34,0.7353423046538347
292,6.155372302948953e-12,0.9997313249621,0.0,90,1593,34,0.7353423046538347
293,1.9721522630525295e-31,1.0,0.0,90,1593,34,0.7353423046538347
294,2.4865925608106904e-11,0.9999449549361442,4.713085320318111e-05,90,1593,34,0.7353894355070378
295,2.3522565091161056e-10,0.9994349740500277,0.0,90,1593,34,0.7353894355070378
296,2.4991646580318733e-13,0.999944821730497,4.769193478804112e-06,90,1593,34,0.7353942047005166
297,3.532686473049091e-11,0.9994128226630434,4.713085320318111e-05,90,1593,34,0.7354413355537198
298,2.4212680830611735e-10,0.998998612059076,0.0,90,1593,34,0.7354413355537198
299,2.4158865222393487e-30,1.0,0.0,90,1593,34,0.7354413355537198
300,1.3836205722267503e-14,0.9999737678150926,1.1221631716074043e-06,90,1593,34,0.7354424577168914
301,1.3509733452416335e-13,0.9997438677675887,0.0,90,1593,34,0.7354424577168914
302,4.437342591868191e-31,1.0,0.0,90,1593,34,0.7354424577168914
303,5.404767859276827e-13,0.9999724441574617,7.013519821907899e-06,90,1593,34,0.7354494712367133
304,5.277239628889428e-12,0.9997309435149923,0.0,90,1593,34,0.7354494712367133
305,4.930380657631324e-32,1.0,0.0,90,1593,34,0.7354494712367133
306,1.1773639423839582e-11,0.9999172576503672,2.076001867279409e-05,90,1593,34,0.7354702312553861
307,8.584966303554679e-11,0.9992480000733777,0.0,90,1593,34,0.7354702312553861
308,3.0814879110195774e-31,1.0,0.0,90,1593,34,0.7354702312553861
309,8.647628571283863e-16,0.9999714625319686,2.8054079281858435e-07,90,1593,34,0.735470511796179
310,8.443583402747937e-15,0.9997213588795588,0.0,90,1593,34,0.735470511796179
311,4.437342591868191e-31,1.0,0.0,90,1593,34,0.735470511796179
312,3.432243781322416e-12,0.999972101618163,1.7674069951123528e-05,90,1593,34,0.7354881858661301
313,3.6096406509188374e-11,0.9997065967932682,0.0,90,1593,34,0.7354881858661301
314,9.98402083170343e-31,1.0,0.0,90,1593,34,0.7354881858661301
315,9.98402083170343e-31,1.0,0.0,90,1593,34,0.7354881858661301
316,9.98402083170343e-31,1.0,0.0,90,1593,34,0.7354881858661301
317,9.98402083170343e-31,1.0,0.0,90,1593,34,0.7354881858661301
318,9.98402083170343e-31,1.0,0.0,90,1593,34,0.7354881858661301
319,9.98402083170343e-31,1.0,0.0,90,1593,34,0.7354881858661301
320,9.98402083170343e-31,1.0,0.0,90,1593,34,0.7354881858661301
321,0.0,1.0,0.0,90,45,1,0.0
322,0.0,1.0,0.0,90,45,1,0.0
323,0.0,1.0,0.0,90,45,1,0.0
324,0.0,1.0,0.0,90,45,1,0.0
325,0.0,1.0,0.0,90,45,1,0.0
326,0.0,1.0,0.0,90,45,1,0.0
327,0.0,1.0,0.0,90,45,1,0.0
328,0.0,1.0,0.0,90,45,1,0.0
329,1.232595164407831e-32,1.0,0.0,90,42,5,0.657826550830666
330,1.4914401489334754e-30,1.0,0.0,90,42,5,0.657826550830666
331,1.4914401489334754e-30,1.0,0.0,90,42,5,0.657826550830666
332,1.4914401489334754e-30,1.0,0.0,90,42,5,0.657826550830666
333,1.4914401489334754e-30,1.0,0.0,90,42,5,0.657826550830666
334,1.4914401489334754e-30,1.0,0.0,90,42,5,0.657826550830666
335,1.4914401489334754e-30,1.0,0.0,90,42,5,0.657826550830666
336,1.4914401489334754e-30,1.0,0.0,90,42,5,0.657826550830666
337,1.232595164407831e-32,1.0,0.0,90,327,11,0.7868444854683426
338,4.4146497169127556e-10,0.9998912112796704,0.0002004451862841483,90,327,11,0.7870449306546268
339,1.7230349214431795e-08,0.998077160235149,0.0004751293304511295,90,327,11,0.7875200599850779
340,3.566712413474507e-08,0.9906325642067833,0.0001249689124365183,90,327,11,0.7876450288975144
341,1.3953873526839003e-08,0.9953157972183474,0.0005072995455337459,90,327,11,0.7881523284430482
342,4.1922172330575186e-08,0.9867740546915132,0.0,90,327,11,0.7881523284430482
343,2.6949650072269148e-09,0.9987216512279319,0.0004243993758978881,90,327,11,0.788576727818946
344,2.4124814319965905e-08,0.988525432516091,0.0,90,327,11,0.788576727818946
345,3.805109973541046e-09,0.9987704356794708,0.0004763666464158156,90,327,11,0.7890530944653619
346,2.878154804139085e-08,0.9890881303075093,0.0,90,327,11,0.7890530944653619
347,3.97436527839227e-10,0.9988744524410544,0.00017693618295455682,90,327,11,0.7892300306483164
348,8.02335798189915e-09,0.9892995181949554,0.0004763666464158156,90,327,11,0.7897063972947322
349,2.400630341879173e-08,0.9940409150923434,0.0,90,327,11,0.7897063972947322
350,4.437342591868191e-31,1.0,0.0,90,327,11,0.7897063972947322
351,1.7498431645843372e-09,0.9994557598142055,0.00025241245680229785,90,327,11,0.7899588097515345
352,1.0782394603007225e-08,0.9943618520390837,0.0,90,327,11,0.7899588097515345
353,8.73009382220465e-10,0.9997507609738071,0.0002004451862841483,90,327,11,0.7901592549378187
354,8.013018393830887e-09,0.996836794242358,0.0,90,327,11,0.7901592549378187
355,3.0814879110195774e-31,1.0,0.0,90,327,11,0.7901592549378187
356,2.691449301564244e-11,0.9998699143741965,4.949263858855524e-05,90,327,11,0.7902087475764072
357,2.8305579171507195e-10,0.998631908474693,0.0,90,327,11,0.7902087475764072
358,4.672670210462542e-10,0.9995818842053932,0.00019797055435466504,90,327,11,0.7904067181307619
359,4.30627923845696e-09,0.9953347477608456,0.0,90,327,11,0.7904067181307619
360,1.232595164407831e-32,1.0,0.0,90,327,11,0.7904067181307619
361,1.766993640880833e-10,0.9994705268527677,0.00010579051498327274,90,327,11,0.7905125086457452
362,1.2523203976593576e-09,0.9956346223352173,0.0,90,327,11,0.7905125086457452
363,9.98402083170343e-31,1.0,0.0,90,327,11,0.7905125086457452
364,1.9445721203852978e-11,0.9998694916622416,4.206874280032746e-05,90,327,11,0.7905545773885455
365,2.0450780951467867e-10,0.9986274628748135,0.0,90,327,11,0.7905545773885455
366,1.232595164407831e-30,1.0,0.0,90,327,11,0.7905545773885455
367,1.232595164407831e-30,1.0,0.0,90,327,11,0.7905545773885455
368,1.232595164407831e-30,1.0,0.0,90,327,11,0.7905545773885455
369,1.232595164407831e-30,1.0,0.0,90,327,11,0.7905545773885455
370,1.232595164407831e-30,1.0,0.0,90,327,11,0.7905545773885455
371,1.232595164407831e-30,1.0,0.0,90,327,11,0.7905545773885455
372,1.232595164407831e-30,1.0,0.0,90,327,11,0.7905545773885455
373,3.824546628681401e-06,0.9841724720409963,0.006802721088435493,90,21,4,0.554421768707483
374,5.347566086147395e-06,0.9796554022639378,0.0,90,21,4,0.554421768707483
375,1.4914401489334754e-30,1.0,0.0,90,21,4,0.554421768707483
376,1.4914401489334754e-30,1.0,0.0,90,21,4,0.554421768707483
377,1.4914401489334754e-30,1.0,0.0,90,21,4,0.554421768707483
378,1.4914401489334754e-30,1.0,0.0,90,21,4,0.554421768707483
379,1.4914401489334754e-30,1.0,0.0,90,21,4,0.554421768707483
380,1.4914401489334754e-30,1.0,0.0,90,21,4,0.554421768707483
381,1.4914401489334754e-30,1.0,0.0,90,21,4,0.554421768707483
382,3.0814879110195774e-33,1.0,0.0,90,19,4,0.4863945578231292
383,3.7286003723336886e-31,1.0,0.0,90,19,4,0.4863945578231292
384,3.7286003723336886e-31,1.0,0.0,90,19,4,0.4863945578231292
385,3.7286003723336886e-31,1.0,0.0,90,19,4,0.4863945578231292
386,3.7286003723336886e-31,1.0,0.0,90,19,4,0.4863945578231292
387,3.7286003723336886e-31,1.0,0.0,90,19,4,0.4863945578231292
388,3.7286003723336886e-31,1.0,0.0,90,19,4,0.4863945578231292
389,3.7286003723336886e-31,1.0,0.0,90,19,4,0.4863945578231292
390,0.0,1.0,0.0,90,37,4,0.593608276643991
391,3.3388589016693557e-06,0.9985869469316319,0.01743197278911568,90,37,4,0.6110402494331066
392,3.991624574579999e-05,0.9831068711826535,0.0,90,37,4,0.6110402494331066
393,1.232595164407831e-30,1.0,0.0,90,37,4,0.6110402494331066
394,1.232595164407831e-30,1.0,0.0,90,37,4,0.6110402494331066
395,1.232595164407831e-30,1.0,0.0,90,37,4,0.6110402494331066
396,1.232595164407831e-30,1.0,0.0,90,37,4,0.6110402494331066
397,1.232595164407831e-30,1.0,0.0,90,37,4,0.6110402494331066
398,1.232595164407831e-30,1.0,0.0,90,37,4,0.6110402494331066
399,1.232595164407831e-30,1.0,0.0,90,37,4,0.6110402494331066
400,0.0,1.0,0.0,90,2,1,0.0
401,0.0,1.0,0.0,90,2,1,0.0
402,0.0,1.0,0.0,90,2,1,0.0
403,0.0,1.0,0.0,90,2,1,0.0
404,0.0,1.0,0.0,90,2,1,0.0
405,0.0,1.0,0.0,90,2,1,0.0
406,0.0,1.0,0.0,90,2,1,0.0
407,0.0,1.0,0.0,90,2,1,0.0
408,0.0,1.0,0.0,90,21,4,0.5476190476190476
409,1.232595164407831e-30,1.0,0.0,90,21,4,0.5476190476190476
410,6.0788571748513505e-06,0.9768732350521697,0.006802721088435493,90,21,4,0.554421768707483
411,1.4914401489334754e-30,1.0,0.0,90,21,4,0.554421768707483
412,1.4914401489334754e-30,1.0,0.0,90,21,4,0.554421768707483
413,1.4914401489334754e-30,1.0,0.0,90,21,4,0.554421768707483
414,1.4914401489334754e-30,1.0,0.0,90,21,4,0.554421768707483
415,1.4914401489334754e-30,1.0,0.0,90,21,4,0.554421768707483
416,1.4914401489334754e-30,1.0,0.0,90,21,4,0.554421768707483
417,1.4914401489334754e-30,1.0,0.0,90,21,4,0.554421768707483
418,1.4914401489334754e-30,1.0,0.0,90,21,4,0.554421768707483
419,3.0814879110195774e-33,1.0,0.0,90,19,4,0.4863945578231292
420,3.7286003723336886e-31,1.0,0.0,90,19,4,0.4863945578231292
421,3.7286003723336886e-31,1.0,0.0,90,19,4,0.4863945578231292
422,3.7286003723336886e-31,1.0,0.0,90,19,4,0.4863945578231292
423,3.7286003723336886e-31,1.0,0.0,90,19,4,0.4863945578231292
424,3.7286003723336886e-31,1.0,0.0,90,19,4,0.4863945578231292
425,3.7286003723336886e-31,1.0,0.0,90,19,4,0.4863945578231292
426,3.7286003723336886e-31,1.0,0.0,90,19,4,0.4863945578231292
427,1.232595164407831e-32,1.0,0.0,95,17,4,0.4515235457063711
428,4.437342591868191e-31,1.0,0.0,95,17,4,0.4515235457063711
429,6.681562621815925e-06,0.9938992207808935,0.01800554016620498,95,17,4,0.4695290858725761
430,6.121173498695855e-05,0.9441089903797834,0.0,95,17,4,0.4695290858725761
431,6.933347799794049e-31,1.0,0.0,95,17,4,0.4695290858725761
432,6.933347799794049e-31,1.0,0.0,95,17,4,0.4695290858725761
433,6.933347799794049e-31,1.0,0.0,95,17,4,0.4695290858725761
434,6.933347799794049e-31,1.0,0.0,95,17,4,0.4695290858725761
435,6.933347799794049e-31,1.0,0.0,95,17,4,0.4695290858725761
436,6.933347799794049e-31,1.0,0.0,95,17,4,0.4695290858725761
437,6.933347799794049e-31,1.0,0.0,95,17,4,0.4695290858725761
438,3.0814879110195774e-33,1.0,0.0,95,20,2,0.30174516794895845
439,2.7733391199176196e-32,1.0,0.0,95,20,2,0.30174516794895845
440,2.7733391199176196e-32,1.0,0.0,95,20,2,0.30174516794895845
441,2.7733391199176196e-32,1.0,0.0,95,20,2,0.30174516794895845
442,2.7733391199176196e-32,1.0,0.0,95,20,2,0.30174516794895845
443,2.7733391199176196e-32,1.0,0.0,95,20,2,0.30174516794895845
444,2.7733391199176196e-32,1.0,0.0,95,20,2,0.30174516794895845
445,2.7733391199176196e-32,1.0,0.0,95,20,2,0.30174516794895845
446,0.0,1.0,0.0,95,7,1,0.0
447,0.0,1.0,0.0,95,7,1,0.0
448,0.0,1.0,0.0,95,7,1,0.0
449,0.0,1.0,0.0,95,7,1,0.0
450,0.0,1.0,0.0,95,7,1,0.0
451,0.0,1.0,0.0,95,7,1,0.0
452,0.0,1.0,0.0,95,7,1,0.0
453,0.0,1.0,0.0,95,7,1,0.0
454,0.0,1.0,0.0,95,218,18,0.5892013888888892
455,6.039716305598372e-31,1.0,0.0,95,218,18,0.5892013888888892
456,6.039716305598372e-31,1.0,0.0,95,218,18,0.5892013888888892
457,6.039716305598372e-31,1.0,0.0,95,218,18,0.5892013888888892
458,6.039716305598372e-31,1.0,0.0,95,218,18,0.5892013888888892
459,6.039716305598372e-31,1.0,0.0,95,218,18,0.5892013888888892
460,6.039716305598372e-31,1.0,0.0,95,218,18,0.5892013888888892
461,6.039716305598372e-31,1.0,0.0,95,218,18,0.5892013888888892
462,1.232595164407831e-32,1.0,0.0,95,1593,34,0.7345747450445271
463,6.039716305598372e-31,1.0,0.0,95,1593,34,0.7345747450445271
464,4.103153355450461e-11,0.999896776269232,5.2741669060552e-05,95,1593,34,0.7346274867135877
465,3.148809151302318e-10,0.9989653015253008,0.0,95,1593,34,0.7346274867135877
466,6.039716305598372e-31,1.0,0.0,95,1593,34,0.7346274867135877
467,1.7395843639175003e-11,0.999946424566958,3.0017864837694752e-05,95,1593,34,0.7346575045784254
468,2.5082693603587128e-09,0.9994267312426807,0.00045251229890841405,95,1593,34,0.7351100168773338
469,2.2598150818916737e-08,0.9994918090535131,0.0,95,1593,34,0.7351100168773338
470,1.0467177047948202e-11,0.999972468294379,3.1701109594939325e-05,95,1593,34,0.7351417179869287
471,1.2143125674750845e-10,0.9995459089406228,0.0,95,1593,34,0.7351417179869287
472,2.1825979966725807e-11,0.9998965025422655,3.25427319735061e-05,95,1593,34,0.7351742607189022
473,1.927619019771801e-10,0.9990294900041022,0.0,95,1593,34,0.7351742607189022
474,5.975857207287943e-13,0.9999739966588956,7.57460140765609e-06,95,1593,34,0.7351818353203099
475,5.874140488865992e-12,0.9997443926895699,0.0,95,1593,34,0.7351818353203099
476,3.0814879110195774e-31,1.0,0.0,95,1593,34,0.7351818353203099
477,4.4888606402371745e-12,0.9999738301003731,2.0760018672905112e-05,95,1593,34,0.7352025953389828
478,5.5583983303514386e-11,0.9996887806784704,1.0941090922034213e-05,95,1593,34,0.7352135364299048
479,2.218596506056098e-11,0.9994058383948995,2.0760018672905112e-05,95,1593,34,0.7352342964485777
480,8.172312188357264e-11,0.9997179034384384,4.180057813840676e-05,95,1593,34,0.7352760970267161
481,1.7889134841212893e-10,0.9994982447032231,0.0,95,1593,34,0.7352760970267161
482,3.1554436208840472e-30,1.0,0.0,95,1593,34,0.7352760970267161
483,3.1554436208840472e-30,1.0,0.0,95,1593,34,0.7352760970267161
484,4.860199915231448e-12,0.9999740138855211,2.1601641051471887e-05,95,1593,34,0.7352976986677676
485,4.7774731081636824e-11,0.9997445620236387,0.0,95,1593,34,0.7352976986677676
486,1.7749370367472766e-30,1.0,0.0,95,1593,34,0.7352976986677676
487,1.7749370367472766e-30,1.0,0.0,95,1593,34,0.7352976986677676
488,3.775779701779688e-12,0.9999225705578051,1.739352915819392e-05,95,1593,34,0.7353150921969258
489,3.1637527185579755e-11,0.9992200112045717,0.0,95,1593,34,0.7353150921969258
490,3.253522257314819e-12,0.9999212790543953,1.767406995123455e-05,95,1593,34,0.735332766266877
491,3.795680040607805e-11,0.999173594212174,2.5248671359223707e-06,95,1593,34,0.735335291134013
492,1.5772370165101814e-12,0.9981101430600631,7.294060614615461e-06,95,1593,34,0.7353425851946276
493,8.375461334363e-12,0.9993442016925302,1.0380009336508067e-05,95,1593,34,0.7353529652039641
494,1.1031136254317853e-11,0.9992280856750954,0.0,95,1593,34,0.7353529652039641
495,3.2781491444795893e-12,0.9998515722771747,1.5990825193767932e-05,95,1593,34,0.7353689560291579
496,2.907790061436751e-11,0.998631032057965,0.0,95,1593,34,0.7353689560291579
497,1.1093356479670479e-31,1.0,0.0,95,1593,34,0.7353689560291579
498,1.1093356479670479e-31,1.0,0.0,95,1593,34,0.7353689560291579
499,3.463374033042893e-12,0.9999735280167059,1.823515153698274e-05,95,1593,34,0.7353871911806948
500,3.956173395009301e-11,0.9997137752293785,7.013519821796876e-06,95,1593,34,0.7353942047005166
501,5.036128676857805e-12,0.999484128702523,0.0,95,1593,34,0.7353942047005166
502,3.0814879110195774e-31,1.0,0.0,95,1593,34,0.7353942047005166
503,3.0814879110195774e-31,1.0,0.0,95,1593,34,0.7353942047005166
504,5.2462943941906634e-14,0.9999751992672068,2.2443263432148086e-06,95,1593,34,0.7353964490268599
505,5.15699576620442e-13,0.9997562140733894,0.0,95,1593,34,0.7353964490268599
506,6.039716305598372e-31,1.0,0.0,95,1593,34,0.7353964490268599
507,6.039716305598372e-31,1.0,0.0,95,1593,34,0.7353964490268599
508,6.039716305598372e-31,1.0,0.0,95,1593,34,0.7353964490268599
509,3.4633740329585603e-12,0.9999735307769134,1.8235151536760696e-05,95,1593,34,0.7354146841783966
510,3.404422985589032e-11,0.9997398131688031,0.0,95,1593,34,0.7354146841783966
511,7.888609052210118e-31,1.0,0.0,95,1593,34,0.7354146841783966
512,7.888609052210118e-31,1.0,0.0,95,1593,34,0.7354146841783966
513,5.123334368718573e-13,0.9999738941782013,7.013519822129943e-06,95,1593,34,0.7354216976982187
514,8.940292598018558e-12,0.9997173674411987,1.3185417265026977e-05,95,1593,34,0.7354348831154838
515,1.779969319561817e-11,0.9994876498388386,0.0,95,1593,34,0.7354348831154838
516,7.888609052210118e-31,1.0,0.0,95,1593,34,0.7354348831154838
517,5.12333436839419e-13,0.999973897479547,7.013519821907899e-06,95,1593,34,0.7354418966353057
518,5.810079187987376e-12,0.9997039863106048,0.0,95,1593,34,0.7354418966353057
519,9.98402083170343e-31,1.0,0.0,95,1593,34,0.7354418966353057
520,2.2047552187436564e-11,0.9999739238887991,4.600869003157371e-05,95,1593,34,0.7354879053253373
521,2.1672274703395136e-10,0.9997436773749997,0.0,95,1593,34,0.7354879053253373
522,4.437342591868191e-31,1.0,0.0,95,1593,34,0.7354879053253373
523,4.437342591868191e-31,1.0,0.0,95,1593,34,0.7354879053253373
524,8.197334986056878e-16,0.9999729668568565,2.8054079281858435e-07,95,1593,34,0.7354881858661301
525,8.057805879911191e-15,0.9997342699546365,0.0,95,1593,34,0.7354881858661301
526,9.98402083170343e-31,1.0,0.0,95,1593,34,0.7354881858661301
527,9.98402083170343e-31,1.0,0.0,95,1593,34,0.7354881858661301
528,9.98402083170343e-31,1.0,0.0,95,1593,34,0.7354881858661301
529,9.98402083170343e-31,1.0,0.0,95,1593,34,0.7354881858661301
530,9.98402083170343e-31,1.0,0.0,95,1593,34,0.7354881858661301
531,9.98402083170343e-31,1.0,0.0,95,1593,34,0.7354881858661301
532,9.98402083170343e-31,1.0,0.0,95,1593,34,0.7354881858661301
533,0.0,1.0,0.0,95,45,1,0.0
534,0.0,1.0,0.0,95,45,1,0.0
535,0.0,1.0,0.0,95,45,1,0.0
536,0.0,1.0,0.0,95,45,1,0.0
537,0.0,1.0,0.0,95,45,1,0.0
538,0.0,1.0,0.0,95,45,1,0.0
539,0.0,1.0,0.0,95,45,1,0.0
540,0.0,1.0,0.0,95,45,1,0.0
541,1.232595164407831e-32,1.0,0.0,95,42,5,0.657826550830666
542,1.7749370367472766e-30,1.0,0.0,95,42,5,0.657826550830666
543,1.7749370367472766e-30,1.0,0.0,95,42,5,0.657826550830666
544,1.7749370367472766e-30,1.0,0.0,95,42,5,0.657826550830666
545,1.7749370367472766e-30,1.0,0.0,95,42,5,0.657826550830666
546,1.7749370367472766e-30,1.0,0.0,95,42,5,0.657826550830666
547,1.7749370367472766e-30,1.0,0.0,95,42,5,0.657826550830666
548,1.7749370367472766e-30,1.0,0.0,95,42,5,0.657826550830666
549,1.232595164407831e-32,1.0,0.0,95,327,11,0.7868444854683426
550,6.6749872029997914e-09,0.9998578007370212,0.0008005434291717961,95,327,11,0.7876450288975144
551,7.523337098486318e-08,0.9977856353918939,0.0,95,327,11,0.7876450288975144
552,3.374096811452302e-11,0.9998765947017274,5.691653437678301e-05,95,327,11,0.7877019454318912
553,1.5976565534400718e-08,0.9974831919131117,0.0005555548681578371,95,327,11,0.788257500300049
554,2.3042391159461868e-08,0.9902335869386344,0.00023014076943739248,95,327,11,0.7884876410694864
555,6.895788475613512e-09,0.995624144561641,8.908674945962147e-05,95,327,11,0.788576727818946
556,3.5640371694452067e-09,0.9967350536907414,0.00035634699783826385,95,327,11,0.7889330748167843
557,2.0822699102345258e-08,0.9948416311606735,0.00021529297786071488,95,327,11,0.789148367794645
558,9.416182000171519e-09,0.9969082405079382,8.16628536713937e-05,95,327,11,0.7892300306483164
559,1.2931233154650452e-09,0.9947790148941925,0.0,95,327,11,0.7892300306483164
560,8.905237986016419e-10,0.9991839990486313,0.0002078690820723761,95,327,11,0.7894378997303888
561,1.3703580189490821e-08,0.9965364590610359,0.0004763666464158156,95,327,11,0.7899142663768046
562,2.795145401459612e-08,0.9955841764878685,4.701800665918299e-05,95,327,11,0.7899612843834638
563,6.373871488243446e-10,0.9985830389755626,0.00015342717962496533,95,327,11,0.7901147115630888
564,2.7442346462910966e-09,0.9975387545823212,4.4543374729810736e-05,95,327,11,0.7901592549378186
565,2.2105809914796333e-10,0.9975011414600568,2.4746319293722507e-06,95,327,11,0.790161729569748
566,4.863337044407621e-10,0.9960076635314425,0.00019797055435477606,95,327,11,0.7903597001241027
567,5.033973003418282e-09,0.9944585833002794,0.0,95,327,11,0.7903597001241027
568,2.7733391199176196e-30,1.0,0.0,95,327,11,0.7903597001241027
569,2.7733391199176196e-30,1.0,0.0,95,327,11,0.7903597001241027
570,2.7180500441809374e-10,0.9994804936896401,0.00010579051498327274,95,327,11,0.790465490639086
571,1.8955620382470666e-09,0.9952408663805765,0.0,95,327,11,0.790465490639086
572,2.302549997995347e-11,0.9998763747166639,4.701800665918299e-05,95,327,11,0.7905125086457452
573,2.2633576576039185e-10,0.9987847897680566,0.0,95,327,11,0.7905125086457452
574,9.98402083170343e-31,1.0,0.0,95,327,11,0.7905125086457452
575,5.412288502391446e-11,0.9996369734479368,4.206874280032746e-05,95,327,11,0.7905545773885455
576,4.0121529985119293e-10,0.9973088683857773,0.0,95,327,11,0.7905545773885455
577,1.232595164407831e-30,1.0,0.0,95,327,11,0.7905545773885455
578,1.232595164407831e-30,1.0,0.0,95,327,11,0.7905545773885455
579,1.232595164407831e-30,1.0,0.0,95,327,11,0.7905545773885455
580,1.232595164407831e-30,1.0,0.0,95,327,11,0.7905545773885455
581,1.232595164407831e-30,1.0,0.0,95,327,11,0.7905545773885455
582,1.232595164407831e-30,1.0,0.0,95,327,11,0.7905545773885455
583,1.232595164407831e-30,1.0,0.0,95,327,11,0.7905545773885455
584,0.0,1.0,0.0,95,21,4,0.5476190476190476
585,1.4152305729799874e-06,0.9946189949738481,0.006802721088435493,95,21,4,0.554421768707483
586,1.1506439875967763e-05,0.9562500895699615,0.0,95,21,4,0.554421768707483
587,1.4914401489334754e-30,1.0,0.0,95,21,4,0.554421768707483
588,1.4914401489334754e-30,1.0,0.0,95,21,4,0.554421768707483
589,1.4914401489334754e-30,1.0,0.0,95,21,4,0.554421768707483
590,1.4914401489334754e-30,1.0,0.0,95,21,4,0.554421768707483
591,1.4914401489334754e-30,1.0,0.0,95,21,4,0.554421768707483
592,1.4914401489334754e-30,1.0,0.0,95,21,4,0.554421768707483
593,1.4914401489334754e-30,1.0,0.0,95,21,4,0.554421768707483
594,3.0814879110195774e-33,1.0,0.0,95,19,4,0.4863945578231292
595,6.039716305598372e-31,1.0,0.0,95,19,4,0.4863945578231292
596,6.039716305598372e-31,1.0,0.0,95,19,4,0.4863945578231292
597,6.039716305598372e-31,1.0,0.0,95,19,4,0.4863945578231292
598,6.039716305598372e-31,1.0,0.0,95,19,4,0.4863945578231292
599,6.039716305598372e-31,1.0,0.0,95,19,4,0.4863945578231292
600,6.039716305598372e-31,1.0,0.0,95,19,4,0.4863945578231292
601,6.039716305598372e-31,1.0,0.0,95,19,4,0.4863945578231292
602,2.511352688598921e-05,0.9884386567133515,0.01743197278911568,95,37,4,0.6110402494331066
603,3.111127711868286e-05,0.9868410421987109,0.0,95,37,4,0.6110402494331066
604,1.232595164407831e-30,1.0,0.0,95,37,4,0.6110402494331066
605,1.232595164407831e-30,1.0,0.0,95,37,4,0.6110402494331066
606,1.232595164407831e-30,1.0,0.0,95,37,4,0.6110402494331066
607,1.232595164407831e-30,1.0,0.0,95,37,4,0.6110402494331066
608,1.232595164407831e-30,1.0,0.0,95,37,4,0.6110402494331066
609,1.232595164407831e-30,1.0,0.0,95,37,4,0.6110402494331066
610,1.232595164407831e-30,1.0,0.0,95,37,4,0.6110402494331066
611,0.0,1.0,0.0,95,2,1,0.0
612,0.0,1.0,0.0,95,2,1,0.0
613,0.0,1.0,0.0,95,2,1,0.0
614,0.0,1.0,0.0,95,2,1,0.0
615,0.0,1.0,0.0,95,2,1,0.0
616,0.0,1.0,0.0,95,2,1,0.0
617,0.0,1.0,0.0,95,2,1,0.0
618,0.0,1.0,0.0,95,2,1,0.0
619,0.0,1.0,0.0,95,21,4,0.5476190476190476
620,1.4914401489334754e-30,1.0,0.0,95,21,4,0.5476190476190476
621,6.481345812488038e-06,0.975356556691836,0.006802721088435493,95,21,4,0.554421768707483
622,1.4914401489334754e-30,1.0,0.0,95,21,4,0.554421768707483
623,1.4914401489334754e-30,1.0,0.0,95,21,4,0.554421768707483
624,1.4914401489334754e-30,1.0,0.0,95,21,4,0.554421768707483
625,1.4914401489334754e-30,1.0,0.0,95,21,4,0.554421768707483
626,1.4914401489334754e-30,1.0,0.0,95,21,4,0.554421768707483
627,1.4914401489334754e-30,1.0,0.0,95,21,4,0.554421768707483
628,1.4914401489334754e-30,1.0,0.0,95,21,4,0.554421768707483
629,1.4914401489334754e-30,1.0,0.0,95,21,4,0.554421768707483
630,3.0814879110195774e-33,1.0,0.0,95,19,4,0.4863945578231292
631,6.039716305598372e-31,1.0,0.0,95,19,4,0.4863945578231292
632,6.039716305598372e-31,1.0,0.0,95,19,4,0.4863945578231292
633,6.039716305598372e-31,1.0,0.0,95,19,4,0.4863945578231292
634,6.039716305598372e-31,1.0,0.0,95,19,4,0.4863945578231292
635,6.039716305598372e-31,1.0,0.0,95,19,4,0.4863945578231292
636,6.039716305598372e-31,1.0,0.0,95,19,4,0.4863945578231292
637,6.039716305598372e-31,1.0,0.0,95,19,4,0.4863945578231292
638,1.232595164407831e-32,1.0,0.0,100,17,4,0.4515235457063711
639,4.437342591868191e-31,1.0,0.0,100,17,4,0.4515235457063711
640,6.35430974286565e-06,0.9942011122778225,0.01800554016620498,100,17,4,0.4695290858725761
641,5.741572731946487e-05,0.9476029073674532,0.0,100,17,4,0.4695290858725761
642,8.905500062846579e-31,1.0,0.0,100,17,4,0.4695290858725761
643,8.905500062846579e-31,1.0,0.0,100,17,4,0.4695290858725761
644,8.905500062846579e-31,1.0,0.0,100,17,4,0.4695290858725761
645,8.905500062846579e-31,1.0,0.0,100,17,4,0.4695290858725761
646,8.905500062846579e-31,1.0,0.0,100,17,4,0.4695290858725761
647,8.905500062846579e-31,1.0,0.0,100,17,4,0.4695290858725761
648,8.905500062846579e-31,1.0,0.0,100,17,4,0.4695290858725761
649,3.0814879110195774e-33,1.0,0.0,100,20,2,0.30174516794895845
650,2.7733391199176196e-32,1.0,0.0,100,20,2,0.30174516794895845
651,2.7733391199176196e-32,1.0,0.0,100,20,2,0.30174516794895845
652,2.7733391199176196e-32,1.0,0.0,100,20,2,0.30174516794895845
653,2.7733391199176196e-32,1.0,0.0,100,20,2,0.30174516794895845
654,2.7733391199176196e-32,1.0,0.0,100,20,2,0.30174516794895845
655,2.7733391199176196e-32,1.0,0.0,100,20,2,0.30174516794895845
656,2.7733391199176196e-32,1.0,0.0,100,20,2,0.30174516794895845
657,0.0,1.0,0.0,100,7,1,0.0
658,0.0,1.0,0.0,100,7,1,0.0
659,0.0,1.0,0.0,100,7,1,0.0
660,0.0,1.0,0.0,100,7,1,0.0
661,0.0,1.0,0.0,100,7,1,0.0
662,0.0,1.0,0.0,100,7,1,0.0
663,0.0,1.0,0.0,100,7,1,0.0
664,0.0,1.0,0.0,100,7,1,0.0
665,0.0,1.0,0.0,100,218,18,0.5892013888888892
666,6.039716305598372e-31,1.0,0.0,100,218,18,0.5892013888888892
667,6.039716305598372e-31,1.0,0.0,100,218,18,0.5892013888888892
668,6.039716305598372e-31,1.0,0.0,100,218,18,0.5892013888888892
669,6.039716305598372e-31,1.0,0.0,100,218,18,0.5892013888888892
670,6.039716305598372e-31,1.0,0.0,100,218,18,0.5892013888888892
671,6.039716305598372e-31,1.0,0.0,100,218,18,0.5892013888888892
672,6.039716305598372e-31,1.0,0.0,100,218,18,0.5892013888888892
673,1.232595164407831e-32,1.0,0.0,100,1593,34,0.7345747450445271
674,1.2988850829873074e-12,0.9999503640994182,8.416223786222865e-06,100,1593,34,0.7345831612683134
675,4.378148445389568e-11,0.9994402521053067,4.4325445274329134e-05,100,1593,34,0.7346274867135877
676,2.358510891803227e-09,0.9990009820869109,0.000428946872306879,100,1593,34,0.7350564335858946
677,1.8037012109412955e-08,0.9993762578478547,7.013519821796876e-06,100,1593,34,0.7350634471057164
678,4.8156481624632096e-12,0.9997543143278645,0.0,100,1593,34,0.7350634471057164
679,1.2749089595113174e-11,0.9998255366995114,2.524867135889064e-05,100,1593,34,0.7350886957770753
680,9.049141817260811e-11,0.9984174088239541,2.8054079286299327e-06,100,1593,34,0.7350915011850039
681,9.02218127075827e-12,0.99916726796588,2.5529212151820246e-05,100,1593,34,0.7351170303971557
682,6.301170650515557e-11,0.9989815971294587,0.0,100,1593,34,0.7351170303971557
683,1.030440489981435e-11,0.9999738850029528,3.2262191180687516e-05,100,1593,34,0.7351492925883364
684,1.0769953627800649e-10,0.9997170195199171,0.0,100,1593,34,0.7351492925883364
685,3.0814879110195774e-31,1.0,0.0,100,1593,34,0.7351492925883364
686,4.737909926566884e-11,0.9999264202407868,6.368275998269723e-05,100,1593,34,0.7352129753483191
687,4.1873134874701734e-10,0.9992229560410357,0.0,100,1593,34,0.7352129753483191
688,4.437342591868191e-31,1.0,0.0,100,1593,34,0.7352129753483191
689,4.437342591868191e-31,1.0,0.0,100,1593,34,0.7352129753483191
690,7.791610510299546e-12,0.9999752797494115,2.8054079287631595e-05,100,1593,34,0.7352410294276067
691,7.686790525026666e-11,0.9997091695023583,0.0,100,1593,34,0.7352410294276067
692,1.232595164407831e-32,1.0,0.0,100,1593,34,0.7352410294276067
693,1.232595164407831e-32,1.0,0.0,100,1593,34,0.7352410294276067
694,1.1684039400792034e-11,0.9999505678521544,2.693191611602419e-05,100,1593,34,0.7352679613437227
695,1.0679130995317277e-10,0.9994124031311622,0.0,100,1593,34,0.7352679613437227
696,8.485063845683577e-13,0.9999248668422298,9.257846164900663e-06,100,1593,34,0.7352772191898876
697,1.444797549885849e-11,0.999207110983246,1.6551906779627146e-05,100,1593,34,0.7352937710966673
698,2.788020044806415e-11,0.9989958467878853,0.0,100,1593,34,0.7352937710966673
699,2.0830858278492343e-30,1.0,0.0,100,1593,34,0.7352937710966673
700,9.872521439325172e-14,0.9999533275662201,2.2443263431037863e-06,100,1593,34,0.7352960154230104
701,8.643493260143907e-13,0.999591378079758,0.0,100,1593,34,0.7352960154230104
702,2.8049797836634176e-14,0.9999505542273516,1.683244757244573e-06,100,1593,34,0.7352976986677676
703,6.691938806275425e-12,0.9994359569802346,1.7112988365375337e-05,100,1593,34,0.735314811656133
704,4.4368696425530976e-11,0.9980773382581183,2.5248671358113484e-06,100,1593,34,0.7353173365232688
705,4.218156774434175e-11,0.9994186699418008,6.0035729675389504e-05,100,1593,34,0.7353773722529442
706,3.673492426851368e-10,0.9989599732257678,0.0,100,1593,34,0.7353773722529442
707,2.4158865222393487e-30,1.0,0.0,100,1593,34,0.7353773722529442
708,2.4158865222393487e-30,1.0,0.0,100,1593,34,0.7353773722529442
709,1.1527207660923367e-11,0.9999007364261638,2.104055946583472e-05,100,1593,34,0.73539841281241
710,8.028515608447172e-11,0.9989604508195844,0.0,100,1593,34,0.73539841281241
711,1.9721522630525295e-31,1.0,0.0,100,1593,34,0.73539841281241
712,5.680084062001674e-13,0.999975323693396,7.57460140765609e-06,100,1593,34,0.7354059874138177
713,1.1603762201592054e-11,0.9997060776377097,1.2624335679278786e-05,100,1593,34,0.735418611749497
714,2.1335940206704428e-11,0.9990459011442719,0.0,100,1593,34,0.735418611749497
715,7.888609052210118e-31,1.0,0.0,100,1593,34,0.735418611749497
716,7.888609052210118e-31,1.0,0.0,100,1593,34,0.735418611749497
717,2.621097775694796e-12,0.9999748207900631,1.6271365986919584e-05,100,1593,34,0.7354348831154839
718,2.795837627407801e-11,0.9997314217606671,0.0,100,1593,34,0.7354348831154839
719,3.0814879110195774e-31,1.0,0.0,100,1593,34,0.7354348831154839
720,4.869756568783034e-13,0.9999752857210095,7.013519821796876e-06,100,1593,34,0.7354418966353057
721,4.815648162463218e-12,0.9997556032410913,0.0,100,1593,34,0.7354418966353057
722,9.98402083170343e-31,1.0,0.0,100,1593,34,0.7354418966353057
723,9.98402083170343e-31,1.0,0.0,100,1593,34,0.7354418966353057
724,9.98402083170343e-31,1.0,0.0,100,1593,34,0.7354418966353057
725,9.98402083170343e-31,1.0,0.0,100,1593,34,0.7354418966353057
726,2.0956315628372202e-11,0.9999752276943591,4.600869003157371e-05,100,1593,34,0.7354879053253373
727,2.0723467676945677e-10,0.9997550294219916,0.0,100,1593,34,0.7354879053253373
728,1.1093356479670479e-31,1.0,0.0,100,1593,34,0.7354879053253373
729,1.1093356479670479e-31,1.0,0.0,100,1593,34,0.7354879053253373
730,1.1093356479670479e-31,1.0,0.0,100,1593,34,0.7354879053253373
731,1.1093356479670479e-31,1.0,0.0,100,1593,34,0.7354879053253373
732,7.791610507092709e-16,0.999974318514014,2.8054079281858435e-07,100,1593,34,0.7354881858661301
733,7.705037057013887e-15,0.9997460386385841,0.0,100,1593,34,0.7354881858661301
734,9.98402083170343e-31,1.0,0.0,100,1593,34,0.7354881858661301
735,9.98402083170343e-31,1.0,0.0,100,1593,34,0.7354881858661301
736,9.98402083170343e-31,1.0,0.0,100,1593,34,0.7354881858661301
737,9.98402083170343e-31,1.0,0.0,100,1593,34,0.7354881858661301
738,9.98402083170343e-31,1.0,0.0,100,1593,34,0.7354881858661301
739,9.98402083170343e-31,1.0,0.0,100,1593,34,0.7354881858661301
740,9.98402083170343e-31,1.0,0.0,100,1593,34,0.7354881858661301
741,0.0,1.0,0.0,100,45,1,0.0
742,0.0,1.0,0.0,100,45,1,0.0
743,0.0,1.0,0.0,100,45,1,0.0
744,0.0,1.0,0.0,100,45,1,0.0
745,0.0,1.0,0.0,100,45,1,0.0
746,0.0,1.0,0.0,100,45,1,0.0
747,0.0,1.0,0.0,100,45,1,0.0
748,0.0,1.0,0.0,100,45,1,0.0
749,1.232595164407831e-32,1.0,0.0,100,42,5,0.657826550830666
750,2.0830858278492343e-30,1.0,0.0,100,42,5,0.657826550830666
751,2.0830858278492343e-30,1.0,0.0,100,42,5,0.657826550830666
752,2.0830858278492343e-30,1.0,0.0,100,42,5,0.657826550830666
753,2.0830858278492343e-30,1.0,0.0,100,42,5,0.657826550830666
754,2.0830858278492343e-30,1.0,0.0,100,42,5,0.657826550830666
755,2.0830858278492343e-30,1.0,0.0,100,42,5,0.657826550830666
756,2.0830858278492343e-30,1.0,0.0,100,42,5,0.657826550830666
757,1.232595164407831e-32,1.0,0.0,100,327,11,0.7868444854683426
758,7.888609052210118e-31,1.0,0.0,100,327,11,0.7868444854683426
759,1.8847244987968564e-08,0.9991268931774591,0.0008005434291717961,100,327,11,0.7876450288975144
760,8.692418899008166e-08,0.9905401055853944,0.0,100,327,11,0.7876450288975144
761,1.1737126138737652e-10,0.9996351630552345,0.00010888380489504357,100,327,11,0.7877539127024095
762,1.5327300063198027e-08,0.9953155521597665,0.0005666907118402342,100,327,11,0.7883206034142497
763,3.6761113366666667e-08,0.988226358756381,0.0,100,327,11,0.7883206034142497
764,3.7137000673349897e-09,0.9998650777432878,0.0006124714025346201,100,327,11,0.7889330748167843
765,3.680762288637217e-08,0.998450262894812,0.0,100,327,11,0.7889330748167843
766,8.730093822211735e-10,0.9998673863298425,0.0002969558315321086,100,327,11,0.7892300306483164
767,1.1663037152807548e-08,0.9981393663194903,0.00017941081488392907,100,327,11,0.7894094414632004
768,3.15594407314047e-09,0.9972372255821762,0.0,100,327,11,0.7894094414632004
769,2.6461039300669116e-09,0.9975132379607905,0.00029695583153188654,100,327,11,0.7897063972947322
770,1.512710727251772e-08,0.9885867814551869,0.0,100,327,11,0.7897063972947322
771,8.374147762010057e-10,0.9930470114395348,0.0002078690820723761,100,327,11,0.7899142663768046
772,7.811436998655957e-09,0.9910777113322894,4.454337472992176e-05,100,327,11,0.7899588097515345
773,1.9424458754500918e-10,0.9951537285881039,0.0,100,327,11,0.7899588097515345
774,7.565531701241547e-10,0.9980704703306724,0.0002004451862841483,100,327,11,0.7901592549378187
775,5.3811005279075e-09,0.9873914192586778,0.0,100,327,11,0.7901592549378187
776,6.062565153465994e-14,0.9996240123280724,2.4746319292612284e-06,100,327,11,0.790161729569748
777,1.1665134708480132e-09,0.9959946240719251,0.00019797055435477606,100,327,11,0.7903597001241027
778,8.98478218434772e-09,0.9940332608075211,0.0,100,327,11,0.7903597001241027
779,2.1885860207009573e-11,0.999882498644269,4.701800665918299e-05,100,327,11,0.7904067181307619
780,2.334491755414342e-10,0.9987466522055385,0.0,100,327,11,0.7904067181307619
781,4.437342591868191e-31,1.0,0.0,100,327,11,0.7904067181307619
782,1.274278858010305e-10,0.9997505808297776,0.00010579051498327274,100,327,11,0.7905125086457452
783,1.2376053144169212e-09,0.9974309644316096,0.0,100,327,11,0.7905125086457452
784,1.232595164407831e-30,1.0,0.0,100,327,11,0.7905125086457452
785,1.232595164407831e-30,1.0,0.0,100,327,11,0.7905125086457452
786,1.7520813295921097e-11,0.9998825424960174,4.206874280032746e-05,100,327,11,0.7905545773885455
787,1.732613759263308e-10,0.9988384757939529,0.0,100,327,11,0.7905545773885455
788,1.4914401489334754e-30,1.0,0.0,100,327,11,0.7905545773885455
789,1.4914401489334754e-30,1.0,0.0,100,327,11,0.7905545773885455
790,1.4914401489334754e-30,1.0,0.0,100,327,11,0.7905545773885455
791,1.4914401489334754e-30,1.0,0.0,100,327,11,0.7905545773885455
792,1.4914401489334754e-30,1.0,0.0,100,327,11,0.7905545773885455
793,1.4914401489334754e-30,1.0,0.0,100,327,11,0.7905545773885455
794,1.4914401489334754e-30,1.0,0.0,100,327,11,0.7905545773885455
795,3.824546628681401e-06,0.9841724720409963,0.006802721088435493,100,21,4,0.554421768707483
796,5.233930306816764e-06,0.9801100731981918,0.0,100,21,4,0.554421768707483
797,1.7749370367472766e-30,1.0,0.0,100,21,4,0.554421768707483
798,1.7749370367472766e-30,1.0,0.0,100,21,4,0.554421768707483
799,1.7749370367472766e-30,1.0,0.0,100,21,4,0.554421768707483
800,1.7749370367472766e-30,1.0,0.0,100,21,4,0.554421768707483
801,1.7749370367472766e-30,1.0,0.0,100,21,4,0.554421768707483
802,1.7749370367472766e-30,1.0,0.0,100,21,4,0.554421768707483
803,1.7749370367472766e-30,1.0,0.0,100,21,4,0.554421768707483
804,3.0814879110195774e-33,1.0,0.0,100,19,4,0.4863945578231292
805,7.888609052210118e-31,1.0,0.0,100,19,4,0.4863945578231292
806,7.888609052210118e-31,1.0,0.0,100,19,4,0.4863945578231292
807,7.888609052210118e-31,1.0,0.0,100,19,4,0.4863945578231292
808,7.888609052210118e-31,1.0,0.0,100,19,4,0.4863945578231292
809,7.888609052210118e-31,1.0,0.0,100,19,4,0.4863945578231292
810,7.888609052210118e-31,1.0,0.0,100,19,4,0.4863945578231292
811,7.888609052210118e-31,1.0,0.0,100,19,4,0.4863945578231292
812,0.0,1.0,0.0,100,37,4,0.593608276643991
813,3.0083493856726746e-06,0.9987282522384686,0.01743197278911568,100,37,4,0.6110402494331066
814,4.861978805127511e-05,0.9794465008237452,0.0,100,37,4,0.6110402494331066
815,1.4914401489334754e-30,1.0,0.0,100,37,4,0.6110402494331066
816,1.4914401489334754e-30,1.0,0.0,100,37,4,0.6110402494331066
817,1.4914401489334754e-30,1.0,0.0,100,37,4,0.6110402494331066
818,1.4914401489334754e-30,1.0,0.0,100,37,4,0.6110402494331066
819,1.4914401489334754e-30,1.0,0.0,100,37,4,0.6110402494331066
820,1.4914401489334754e-30,1.0,0.0,100,37,4,0.6110402494331066
821,1.4914401489334754e-30,1.0,0.0,100,37,4,0.6110402494331066
822,0.0,1.0,0.0,100,2,1,0.0
823,0.0,1.0,0.0,100,2,1,0.0
824,0.0,1.0,0.0,100,2,1,0.0
825,0.0,1.0,0.0,100,2,1,0.0
826,0.0,1.0,0.0,100,2,1,0.0
827,0.0,1.0,0.0,100,2,1,0.0
828,0.0,1.0,0.0,100,2,1,0.0
829,0.0,1.0,0.0,100,2,1,0.0
830,0.0,1.0,0.0,100,21,4,0.5476190476190476
831,1.7749370367472766e-30,1.0,0.0,100,21,4,0.5476190476190476
832,7.677356656948794e-06,0.9708245901289161,0.006802721088435493,100,21,4,0.554421768707483
833,1.7749370367472766e-30,1.0,0.0,100,21,4,0.554421768707483
834,1.7749370367472766e-30,1.0,0.0,100,21,4,0.554421768707483
835,1.7749370367472766e-30,1.0,0.0,100,21,4,0.554421768707483
836,1.7749370367472766e-30,1.0,0.0,100,21,4,0.554421768707483
837,1.7749370367472766e-30,1.0,0.0,100,21,4,0.554421768707483
838,1.7749370367472766e-30,1.0,0.0,100,21,4,0.554421768707483
839,1.7749370367472766e-30,1.0,0.0,100,21,4,0.554421768707483
840,1.7749370367472766e-30,1.0,0.0,100,21,4,0.554421768707483
841,3.0814879110195774e-33,1.0,0.0,100,19,4,0.4863945578231292
842,7.888609052210118e-31,1.0,0.0,100,19,4,0.4863945578231292
843,7.888609052210118e-31,1.0,0.0,100,19,4,0.4863945578231292
844,7.888609052210118e-31,1.0,0.0,100,19,4,0.4863945578231292
845,7.888609052210118e-31,1.0,0.0,100,19,4,0.4863945578231292
846,7.888609052210118e-31,1.0,0.0,100,19,4,0.4863945578231292
847,7.888609052210118e-31,1.0,0.0,100,19,4,0.4863945578231292
848,7.888609052210118e-31,1.0,0.0,100,19,4,0.4863945578231292
